License Number,Last Name,First Name,Address,Sex,Phone Number,Date Of Birth,Email,Number Of Vehicle Transactions,Discount Eligibility
846356426,Johnson,Billy,"2846 Marion Street, Irmo, SC 29063",Male,803-834-7904,5/1/1957,bjohnson@gmail.com,1,Not Eligible
326495295,Myers,Greg,"660 Hickory Heights Drive, Alcolu, SC, 29001",Male,843-287-9152,10/31/1971,gmyers@gmail.com,1,Not Eligible
694572378,Cunningham,Taylor,"949 Still Pastures Drive, Columbia, SC, 29210",Female,803-556-9116,10/15/1989,tcunningham@gmail.com,2,Eligible
951032502,Edwards,Jessica,"1352 Emily Drive, Columbia, SC 29201 ",Female,803-600-7681,2/21/1999,jedwards@gmail.com,1,Not Eligible
465925364,Singletary,Robert,"4116 Jerry Dove Drive, Pamplico, SC, 29583",Male,843-319-1969,7/22/1957,rsingletary@yahoo.com,1,Not Eligible
982153784,Goodman,Ryan,"3084 Emily Drive, Beech Island, SC 29842",Male,803-455-0854,8/4/1980,ryan.goodman@gmail.com,2,Eligible
459823103,Perry,Lexus,"3432 Wexford Way, North Augusta, SC 29841",Female,803-270-4629,3/3/1995,lexus.perry@gmail.com,1,Not Eligible
126958545,Williams,Karla,"83 Traction Street, Gaffney, SC 29340",Female,803-740-8596,6/19/1966,kwilliams@yahoo.com,1,Not Eligible
635159785,Epps,Layla,"3753 Brown Avenue, Piedmont, SC 29673",Female,803-360-3601,10/4/1997,layla.epps@gmail.com,1,Not Eligible
615829064,Porter,Alexander,"174 Kessla Way, Murrells Inlet, SC 29576",Male,803-352-0501,2/7/1994,aporter@gmail.com,1,Not Eligible
335182722,Lee,Xavier,"4983 Pooh Bear Lane, Greenville, SC 29601",Male,843-289-1498,9/21/1978,xlee@gmail.com,2,Eligible
116948348,Bynum,Greg,"4107 Still Pastures Drive, Irmo, SC 29063",Male,803-389-1558,4/26/1958,greg.bynum@gmail.com,1,Not Eligible
445853908,Randle,Monique,"907 Mill Street, Greenville, SC 29601",Female,843-597-4528,6/20/1970,mrandle@yahoo.com,1,Not Eligible
153248664,Gamble,Brionna,"147 Poe Road, Beaufort, SC 29902",Female,843-441-7463,12/13/1977,brionna.gamble@gmail.com,2,Eligible
847956942,Megans,Crystal,"4363 Traction Street, Hickory Tavern, SC 29645",Female,803-698-6462,4/28/1957,cmegans@gmail.com,1,Not Eligible
156365411,Chang,O'Ryan,"3117 Jerry Dove Drive, Florence, SC 29501",Male,843-319-9727,10/31/1984,changob@gmail.com,1,Not Eligible
435925767,Willington,Billy,"4965 Java Lane, Charlotte, SC 28202",Male,843-217-8315,7/9/1972,wbilly@gmail.com,1,Not Eligible
315684999,Cinco,Chris,"905 Mill Street, Greenville, SC 29601",Female,843-597-4951,6/20/1970,ccinco@gmail.com,1,Not Eligible
846523048,Davidson,Harley,"1239 Armory Road, Alcolu, SC 29001",Male,843-826-6650,10/12/1985,hdavidson@gmail.com,3,Eligible
