Employee Number (5 characters),Last Name,First Name,Email,Position,Date of Birth,Hire Date,Weekly Salary,Car Sales This Week,Total Car Sales,Password
21043,Escher,Lorraine,lescher@yahoo.com,Salesperson,11/6/1980,3/15/2012,$550 ,5,213,itsonthefridge
63316,Smith,Douglas,dsmith@gmail.com,Salesperson,1/9/1999,2/13/2020,$300 ,2,2,&Zyq58gqx@Dp%t6*
81034,Reed,Isabelle,ireed@gmail.com,Salesperson,6/19/1998,1/19/2019,$300 ,4,21,kd3892hsa0)
46295,Philips,Tommy,tphilips@gmail.com,Salesperson,12/24/1995,10/6/2015,$455 ,6,39,thechosenone
84352,Mallon,Marissa,mmallon@gmail.com,Salesperson,5/16/1997,6/7/2019,$300 ,1,15,greatness
15946,Murray,Kathy,kmurray@yahoo.com,Salesperson,4/4/1975,5/9/2014,$450 ,5,64,dffgr2612
25874,Duffie,Miles,mduffie@gmail.com,Salesperson,10/31/1998,4/1/2019,$300 ,7,25,dog51lover
96321,Graham,Greg,ggraham@yahoo.com,Salesperson,7/4/1969,9/14/1995,$650 ,3,500,jesuslovesme
15486,Gainey,Kiesha,kgainey@gmail.com,Salesperson,9/17/1975,3/26/1999,$600 ,2,452,success2020
41343,Smith,John,jsmith@yahoo.com,Manager,8/8/1965,3/22/2000,"$1,500 ",0,100,boss666
