VIN,Year,Make,Model,Type,Color,Odometer,MSRP,Condition,Date Received
1B4GP54R2VB378393,1997,Dodge,Grand Caravan,Van,Gold,122000,"$4,500 ",Used,12/1/2019
1C3LC56K57N545672,2007,Chrysler ,Sebring,Sedan,Silver,77000,"$7,500 ",Used,5/5/2018
JH4DB1660NS002046,1992,Acura,Integra,Sedan,Blue,256000,"$1,200 ",Used,2/18/2020
1G1YM3D70E5400451,2014,Chevrolet,Corvette,Car,Red,36900,"$31,000 ",Used,3/8/2019
1C4RJFBG9EC457946,2020,Chevrolet,Silverado,Truck,White,200,"$37,500 ",New,2/1/2020
1N4AZ0CP5FC318910,2020,Nissan,Titan,Truck,Gold,250,"$33,500 ",New,2/2/2020
KM8SB12BX4U774029,2020,Kia,Optima,Sedan,Black,100,"$27,500 ",New,2/3/2020
3C3CFFBR1CT110402,2020,BMW,5 Series,Sedan,Black,150,"$47,500 ",New,2/4/2020
5TEMU52N67Z466246,2020,Audi,A4,Sedan,Red,170,"$46,500 ",New,2/5/2020
1GKS2HKC0FR550140,2020,GMC,Sierra,Truck,Black,104,"$37,500 ",New,2/6/2020
WMWRE33556TL17987,2020,Volkswagon,Jetta,Sedan,White,120,"$29,500 ",New,2/7/2020
1C4PJMAK2CW210071,2020,Chevrolet,Silverado,Truck,Blue,140,"$37,500 ",New,2/8/2020
1C3CCBAB3EN207710,2020,Chevrolet,Silverado,Truck,Red,170,"$37,500 ",New,2/9/2020
1HGCG3252YA011950,2020,Jeep,Wrangler,SUV,Red,200,"$32,500 ",New,2/10/2020
5TEGN92N93Z195288,2020,Toyota,Camry,Sedan,Silver,200,"$27,500 ",New,2/11/2020
JH4KA9655YC012781,2020,Honda,Accord,Sedan,Silver,200,"$27,500 ",New,2/12/2020
1G3GR62CXW4115382,2020,GMC,Sierra,Truck,Silver,200,"$37,500 ",New,1/1/2020
1FAHP3FN2BW179165,2020,Ford,F-150,Truck,White,200,"$34,500 ",New,1/2/2020
WVWDR91KX7W115319,2020,Volkswagon,Beetle,Compact,Yellow,200,"$23,500 ",New,1/3/2020
