Transaction Number,VIN,Year,Make,Model,Price,Customer First Name,Customer Last Name,License Number,Employee ID,Employee First Name,Employee Last Name,Date
1110,1G8ZH5281YZ265849,2020,Ford,Mustang,"$45,000 ",Billy,Johnson,846356426,21043,Lorraine,Escher,4/22/2020
1096,1G8ZH5281YZ265850,2020,Chevrolet,Silverado,"$38,000 ",Greg,Myers,326495295,21043,Lorraine,Escher,4/20/2020
1100,1G8ZH5281YZ265851,2020,Nissan,Rogue,"$25,000 ",Taylor,Cunningham,694572378,21043,Lorraine,Escher,4/21/2020
1101,1G8ZH5281YZ265852,2020,Ford,F-150,"$43,000 ",Jessica,Edwards,951032502,46295,Tommy,Philips,4/21/2020
1107,1G8ZH5281YZ265853,2020,GMC,Sierra,"$41,000 ",Robert,Singletary,465925364,46295,Tommy,Philips,4/22/2020
1095,1G8ZH5281YZ265854,2020,Toyoto,Tundra,"$35,000 ",Ryan,Goodman,982153784,63316,Douglas,Smith,4/20/2020
1102,1G8ZH5281YZ265855,2020,Ford,Mustang,"$43,000 ",Lexus,Perry,459823103,63316,Douglas,Smith,4/21/2020
1105,1G8ZH5281YZ265856,2020,Kia,Optima,"$20,000 ",Karla,Williams,126958545,81034,Isabelle,Reed,4/22/2020
1106,1G8ZH5281YZ265857,2020,Dodge,Charger,"$33,000 ",Layla,Epps,635159785,81034,Isabelle,Reed,4/22/2020
1108,1G8ZH5281YZ265858,2020,Dodge,Charger,"$36,000 ",Alexander,Porter,615829064,81034,Isabelle,Reed,4/23/2020
1097,1G8ZH5281YZ265859,2020,Ford,Mustang,"$47,000 ",Xavier,Lee,335182722,81034,Isabelle,Reed,4/20/2020
1103,1G8ZH5281YZ265860,2020,Chevrolet,Corvette,"$65,000 ",Greg,Bynum,116948348,84352,Marissa,Mallon,4/21/2020
1109,1G8ZH5281YZ265861,2020,Buick,Regal,"$27,000 ",Monique,Randle,445853908,15946,Kathy,Murray,4/22/2020
1111,1G8ZH5281YZ265862,2020,Jeep,Wranger,"$34,000 ",Brionna,Gamble,153248664,25874,Miles,Duffie,4/23/2020
1112,1G8ZH5281YZ265863,2020,Jeep,Grand Cherokee,"$41,000 ",Crystal,Megans,847956942,25874,Miles,Duffie,4/24/2020
1094,1G8ZH5281YZ265864,2020,Chevrolet,Silverado,"$49,000 ",O'Ryan,Chang,156365411,25874,Miles,Duffie,4/20/2020
1099,1G8ZH5281YZ265865,2020,Lincoln,Town Car,"$30,000 ",Billy,Willington,435925767,96321,Greg,Graham,4/21/2020
1098,1G8ZH5281YZ265866,2020,Ford,F-150,"$45,000 ",Chris,Cinco,315684999,15486,Kiesha,Gainey,4/20/2020
1104,1G8ZH5281YZ265867,2020,Ford,Mustang,"$48,000 ",Harley,Davidson,846523048,15486,Kiesha,Gainey,4/22/2020
